{"feature_importances": null, "_timestamp": 1668999610.828696, "_runtime": 3282.5326170921326, "_step": 0, "_wandb": {"runtime": 3282}}